sa4_code,sa4_name,state,year,date,employed_000,unemployed_000,unemployment_rate
101,Capital Region,New South Wales,2016,2016-07-01,107.7,4.5,4.0
101,Capital Region,New South Wales,2021,2021-07-01,118.7,3.7,3.06
101,Capital Region,New South Wales,2026,2026-07-01,123.9,3.9,3.06
102,Central Coast,New South Wales,2016,2016-07-01,157.0,9.7,5.82
102,Central Coast,New South Wales,2021,2021-07-01,159.1,7.8,4.69
102,Central Coast,New South Wales,2026,2026-07-01,172.8,8.1,4.48
103,New South Wales - Central West,New South Wales,2016,2016-07-01,102.1,4.7,4.36
103,New South Wales - Central West,New South Wales,2021,2021-07-01,109.7,4.0,3.51
103,New South Wales - Central West,New South Wales,2026,2026-07-01,115.7,4.3,3.55
104,Coffs Harbour - Grafton,New South Wales,2016,2016-07-01,60.2,3.6,5.64
104,Coffs Harbour - Grafton,New South Wales,2021,2021-07-01,61.9,3.1,4.73
104,Coffs Harbour - Grafton,New South Wales,2026,2026-07-01,66.1,3.3,4.75
105,Far West and Orana,New South Wales,2016,2016-07-01,53.6,2.6,4.61
105,Far West and Orana,New South Wales,2021,2021-07-01,54.6,2.2,3.8
105,Far West and Orana,New South Wales,2026,2026-07-01,55.6,2.3,4.02
106,Hunter Valley exc Newcastle,New South Wales,2016,2016-07-01,125.7,7.8,5.84
106,Hunter Valley exc Newcastle,New South Wales,2021,2021-07-01,136.0,5.7,4.05
106,Hunter Valley exc Newcastle,New South Wales,2026,2026-07-01,151.5,7.1,4.48
107,Illawarra,New South Wales,2016,2016-07-01,142.5,8.6,5.71
107,Illawarra,New South Wales,2021,2021-07-01,151.8,8.1,5.04
107,Illawarra,New South Wales,2026,2026-07-01,169.8,8.2,4.6
108,Mid North Coast,New South Wales,2016,2016-07-01,85.7,4.8,5.31
108,Mid North Coast,New South Wales,2021,2021-07-01,93.4,4.0,4.15
108,Mid North Coast,New South Wales,2026,2026-07-01,100.3,4.3,4.13
109,Murray,New South Wales,2016,2016-07-01,53.5,3.2,5.7
109,Murray,New South Wales,2021,2021-07-01,62.6,2.8,4.26
109,Murray,New South Wales,2026,2026-07-01,66.1,2.7,3.94
110,New England and North West,New South Wales,2016,2016-07-01,82.9,5.4,6.15
110,New England and North West,New South Wales,2021,2021-07-01,88.9,4.5,4.81
110,New England and North West,New South Wales,2026,2026-07-01,98.6,4.6,4.46
111,Newcastle and Lake Macquarie,New South Wales,2016,2016-07-01,179.0,10.9,5.74
111,Newcastle and Lake Macquarie,New South Wales,2021,2021-07-01,202.5,9.0,4.26
111,Newcastle and Lake Macquarie,New South Wales,2026,2026-07-01,221.8,9.6,4.16
112,Richmond - Tweed,New South Wales,2016,2016-07-01,111.7,6.2,5.3
112,Richmond - Tweed,New South Wales,2021,2021-07-01,123.5,5.2,4.01
112,Richmond - Tweed,New South Wales,2026,2026-07-01,131.0,5.2,3.79
113,Riverina,New South Wales,2016,2016-07-01,79.1,3.3,4.04
113,Riverina,New South Wales,2021,2021-07-01,82.8,2.9,3.38
113,Riverina,New South Wales,2026,2026-07-01,84.1,3.1,3.6
114,Southern Highlands and Shoalhaven,New South Wales,2016,2016-07-01,62.1,3.6,5.49
114,Southern Highlands and Shoalhaven,New South Wales,2021,2021-07-01,69.0,2.8,3.88
114,Southern Highlands and Shoalhaven,New South Wales,2026,2026-07-01,73.3,2.7,3.59
115,Sydney - Baulkham Hills and Hawkesbury,New South Wales,2016,2016-07-01,127.5,4.7,3.54
115,Sydney - Baulkham Hills and Hawkesbury,New South Wales,2021,2021-07-01,142.0,5.3,3.58
115,Sydney - Baulkham Hills and Hawkesbury,New South Wales,2026,2026-07-01,163.5,6.2,3.66
116,Sydney - Blacktown,New South Wales,2016,2016-07-01,173.9,11.9,6.41
116,Sydney - Blacktown,New South Wales,2021,2021-07-01,206.4,12.3,5.62
116,Sydney - Blacktown,New South Wales,2026,2026-07-01,249.3,13.0,4.95
117,Sydney - City and Inner South,New South Wales,2016,2016-07-01,205.1,10.0,4.67
117,Sydney - City and Inner South,New South Wales,2021,2021-07-01,208.4,10.1,4.61
117,Sydney - City and Inner South,New South Wales,2026,2026-07-01,234.4,10.9,4.45
118,Sydney - Eastern Suburbs,New South Wales,2016,2016-07-01,158.7,4.8,2.94
118,Sydney - Eastern Suburbs,New South Wales,2021,2021-07-01,146.6,4.9,3.23
118,Sydney - Eastern Suburbs,New South Wales,2026,2026-07-01,171.8,4.9,2.76
119,Sydney - Inner South West,New South Wales,2016,2016-07-01,281.9,18.2,6.08
119,Sydney - Inner South West,New South Wales,2021,2021-07-01,294.3,19.3,6.15
119,Sydney - Inner South West,New South Wales,2026,2026-07-01,343.1,15.5,4.33
120,Sydney - Inner West,New South Wales,2016,2016-07-01,174.2,7.5,4.1
120,Sydney - Inner West,New South Wales,2021,2021-07-01,174.2,7.3,4.05
120,Sydney - Inner West,New South Wales,2026,2026-07-01,192.2,7.2,3.61
121,Sydney - North Sydney and Hornsby,New South Wales,2016,2016-07-01,229.0,9.0,3.79
121,Sydney - North Sydney and Hornsby,New South Wales,2021,2021-07-01,227.2,8.9,3.75
121,Sydney - North Sydney and Hornsby,New South Wales,2026,2026-07-01,251.2,9.4,3.62
122,Sydney - Northern Beaches,New South Wales,2016,2016-07-01,146.2,3.9,2.61
122,Sydney - Northern Beaches,New South Wales,2021,2021-07-01,144.3,4.6,3.09
122,Sydney - Northern Beaches,New South Wales,2026,2026-07-01,155.2,4.1,2.58
123,Sydney - Outer South West,New South Wales,2016,2016-07-01,135.2,7.5,5.25
123,Sydney - Outer South West,New South Wales,2021,2021-07-01,151.4,7.3,4.61
123,Sydney - Outer South West,New South Wales,2026,2026-07-01,173.4,8.1,4.44
124,Sydney - Outer West and Blue Mountains,New South Wales,2016,2016-07-01,161.9,8.4,4.92
124,Sydney - Outer West and Blue Mountains,New South Wales,2021,2021-07-01,172.4,7.9,4.38
124,Sydney - Outer West and Blue Mountains,New South Wales,2026,2026-07-01,191.5,8.0,4.03
125,Sydney - Parramatta,New South Wales,2016,2016-07-01,219.7,15.5,6.59
125,Sydney - Parramatta,New South Wales,2021,2021-07-01,240.9,15.2,5.94
125,Sydney - Parramatta,New South Wales,2026,2026-07-01,289.9,16.3,5.32
126,Sydney - Ryde,New South Wales,2016,2016-07-01,100.2,4.4,4.17
126,Sydney - Ryde,New South Wales,2021,2021-07-01,111.7,5.2,4.44
126,Sydney - Ryde,New South Wales,2026,2026-07-01,127.6,5.1,3.83
127,Sydney - South West,New South Wales,2016,2016-07-01,181.0,13.4,6.91
127,Sydney - South West,New South Wales,2021,2021-07-01,206.4,16.0,7.17
127,Sydney - South West,New South Wales,2026,2026-07-01,254.7,15.1,5.61
128,Sydney - Sutherland,New South Wales,2016,2016-07-01,123.3,3.9,3.09
128,Sydney - Sutherland,New South Wales,2021,2021-07-01,125.9,3.5,2.68
128,Sydney - Sutherland,New South Wales,2026,2026-07-01,136.9,3.1,2.24
201,Ballarat,Victoria,2016,2016-07-01,75.3,4.5,5.68
201,Ballarat,Victoria,2021,2021-07-01,83.0,3.2,3.71
201,Ballarat,Victoria,2026,2026-07-01,91.7,3.8,3.94
202,Bendigo,Victoria,2016,2016-07-01,74.4,4.2,5.32
202,Bendigo,Victoria,2021,2021-07-01,80.0,3.1,3.67
202,Bendigo,Victoria,2026,2026-07-01,85.8,3.1,3.49
203,Geelong,Victoria,2016,2016-07-01,138.9,8.5,5.79
203,Geelong,Victoria,2021,2021-07-01,165.4,6.1,3.53
203,Geelong,Victoria,2026,2026-07-01,185.2,7.3,3.79
204,Hume,Victoria,2016,2016-07-01,84.4,4.0,4.55
204,Hume,Victoria,2021,2021-07-01,90.5,3.0,3.25
204,Hume,Victoria,2026,2026-07-01,96.3,3.3,3.3
205,Latrobe - Gippsland,Victoria,2016,2016-07-01,125.6,8.6,6.4
205,Latrobe - Gippsland,Victoria,2021,2021-07-01,137.0,5.9,4.16
205,Latrobe - Gippsland,Victoria,2026,2026-07-01,147.1,6.4,4.18
206,Melbourne - Inner,Victoria,2016,2016-07-01,379.6,21.1,5.26
206,Melbourne - Inner,Victoria,2021,2021-07-01,390.8,17.9,4.38
206,Melbourne - Inner,Victoria,2026,2026-07-01,477.0,24.1,4.81
207,Melbourne - Inner East,Victoria,2016,2016-07-01,193.2,9.7,4.78
207,Melbourne - Inner East,Victoria,2021,2021-07-01,202.4,9.0,4.25
207,Melbourne - Inner East,Victoria,2026,2026-07-01,226.7,9.8,4.16
208,Melbourne - Inner South,Victoria,2016,2016-07-01,222.6,9.8,4.21
208,Melbourne - Inner South,Victoria,2021,2021-07-01,229.6,8.7,3.67
208,Melbourne - Inner South,Victoria,2026,2026-07-01,256.1,10.7,4.02
209,Melbourne - North East,Victoria,2016,2016-07-01,264.1,15.8,5.64
209,Melbourne - North East,Victoria,2021,2021-07-01,286.9,12.7,4.23
209,Melbourne - North East,Victoria,2026,2026-07-01,326.9,16.6,4.83
210,Melbourne - North West,Victoria,2016,2016-07-01,178.5,13.0,6.81
210,Melbourne - North West,Victoria,2021,2021-07-01,206.2,12.4,5.69
210,Melbourne - North West,Victoria,2026,2026-07-01,238.5,13.9,5.51
211,Melbourne - Outer East,Victoria,2016,2016-07-01,270.7,12.8,4.52
211,Melbourne - Outer East,Victoria,2021,2021-07-01,273.0,10.5,3.7
211,Melbourne - Outer East,Victoria,2026,2026-07-01,287.3,11.6,3.89
212,Melbourne - South East,Victoria,2016,2016-07-01,382.2,26.8,6.55
212,Melbourne - South East,Victoria,2021,2021-07-01,436.6,22.8,4.97
212,Melbourne - South East,Victoria,2026,2026-07-01,509.0,34.1,6.27
213,Melbourne - West,Victoria,2016,2016-07-01,373.4,31.8,7.85
213,Melbourne - West,Victoria,2021,2021-07-01,440.5,26.9,5.76
213,Melbourne - West,Victoria,2026,2026-07-01,528.6,36.4,6.44
214,Mornington Peninsula,Victoria,2016,2016-07-01,146.5,8.6,5.52
214,Mornington Peninsula,Victoria,2021,2021-07-01,154.4,6.7,4.15
214,Mornington Peninsula,Victoria,2026,2026-07-01,160.3,7.0,4.18
215,Victoria - North West,Victoria,2016,2016-07-01,69.3,3.5,4.77
215,Victoria - North West,Victoria,2021,2021-07-01,74.8,2.6,3.31
215,Victoria - North West,Victoria,2026,2026-07-01,75.7,2.8,3.52
216,Shepparton,Victoria,2016,2016-07-01,62.2,3.6,5.4
216,Shepparton,Victoria,2021,2021-07-01,65.2,2.5,3.74
216,Shepparton,Victoria,2026,2026-07-01,66.7,2.7,3.93
217,Warrnambool and South West,Victoria,2016,2016-07-01,62.6,2.6,4.0
217,Warrnambool and South West,Victoria,2021,2021-07-01,63.3,1.9,2.9
217,Warrnambool and South West,Victoria,2026,2026-07-01,65.0,1.9,2.9
301,Brisbane - East,Queensland,2016,2016-07-01,120.0,6.0,4.76
301,Brisbane - East,Queensland,2021,2021-07-01,130.0,5.7,4.23
301,Brisbane - East,Queensland,2026,2026-07-01,143.7,5.8,3.91
302,Brisbane - North,Queensland,2016,2016-07-01,115.1,5.9,4.88
302,Brisbane - North,Queensland,2021,2021-07-01,126.6,5.7,4.33
302,Brisbane - North,Queensland,2026,2026-07-01,143.4,5.3,3.56
303,Brisbane - South,Queensland,2016,2016-07-01,191.0,10.2,5.05
303,Brisbane - South,Queensland,2021,2021-07-01,203.9,12.0,5.56
303,Brisbane - South,Queensland,2026,2026-07-01,234.5,10.0,4.09
304,Brisbane - West,Queensland,2016,2016-07-01,92.9,4.7,4.79
304,Brisbane - West,Queensland,2021,2021-07-01,98.6,4.8,4.62
304,Brisbane - West,Queensland,2026,2026-07-01,113.5,4.1,3.52
305,Brisbane Inner City,Queensland,2016,2016-07-01,160.5,6.7,4.0
305,Brisbane Inner City,Queensland,2021,2021-07-01,189.8,8.6,4.33
305,Brisbane Inner City,Queensland,2026,2026-07-01,226.6,8.7,3.69
306,Cairns,Queensland,2016,2016-07-01,114.4,8.4,6.84
306,Cairns,Queensland,2021,2021-07-01,131.4,7.1,5.11
306,Cairns,Queensland,2026,2026-07-01,146.1,7.8,5.05
307,Darling Downs - Maranoa,Queensland,2016,2016-07-01,63.1,2.7,4.12
307,Darling Downs - Maranoa,Queensland,2021,2021-07-01,64.7,2.4,3.52
307,Darling Downs - Maranoa,Queensland,2026,2026-07-01,69.2,2.5,3.5
308,Central Queensland,Queensland,2016,2016-07-01,110.2,8.0,6.73
308,Central Queensland,Queensland,2021,2021-07-01,118.6,6.6,5.24
308,Central Queensland,Queensland,2026,2026-07-01,131.5,6.6,4.79
309,Gold Coast,Queensland,2016,2016-07-01,306.5,19.2,5.89
309,Gold Coast,Queensland,2021,2021-07-01,342.5,15.6,4.36
309,Gold Coast,Queensland,2026,2026-07-01,402.7,14.2,3.39
310,Ipswich,Queensland,2016,2016-07-01,152.5,10.9,6.65
310,Ipswich,Queensland,2021,2021-07-01,177.4,12.9,6.8
310,Ipswich,Queensland,2026,2026-07-01,211.7,12.8,5.72
311,Logan - Beaudesert,Queensland,2016,2016-07-01,141.2,10.4,6.86
311,Logan - Beaudesert,Queensland,2021,2021-07-01,173.5,13.1,7.01
311,Logan - Beaudesert,Queensland,2026,2026-07-01,212.4,13.4,5.92
312,Mackay - Isaac - Whitsunday,Queensland,2016,2016-07-01,91.9,5.0,5.15
312,Mackay - Isaac - Whitsunday,Queensland,2021,2021-07-01,99.9,3.8,3.63
312,Mackay - Isaac - Whitsunday,Queensland,2026,2026-07-01,111.1,3.6,3.13
313,Moreton Bay - North,Queensland,2016,2016-07-01,105.7,7.8,6.86
313,Moreton Bay - North,Queensland,2021,2021-07-01,116.2,8.2,6.58
313,Moreton Bay - North,Queensland,2026,2026-07-01,137.5,7.8,5.36
314,Moreton Bay - South,Queensland,2016,2016-07-01,104.1,4.7,4.31
314,Moreton Bay - South,Queensland,2021,2021-07-01,117.7,5.8,4.67
314,Moreton Bay - South,Queensland,2026,2026-07-01,135.6,5.6,3.99
315,Queensland - Outback,Queensland,2016,2016-07-01,38.6,2.9,7.08
315,Queensland - Outback,Queensland,2021,2021-07-01,39.5,2.5,6.05
315,Queensland - Outback,Queensland,2026,2026-07-01,39.7,3.1,7.32
316,Sunshine Coast,Queensland,2016,2016-07-01,170.4,10.2,5.63
316,Sunshine Coast,Queensland,2021,2021-07-01,197.3,8.7,4.21
316,Sunshine Coast,Queensland,2026,2026-07-01,228.4,7.6,3.23
317,Toowoomba,Queensland,2016,2016-07-01,70.2,4.2,5.68
317,Toowoomba,Queensland,2021,2021-07-01,78.0,3.7,4.55
317,Toowoomba,Queensland,2026,2026-07-01,88.1,3.6,3.9
318,Townsville,Queensland,2016,2016-07-01,104.1,8.0,7.13
318,Townsville,Queensland,2021,2021-07-01,117.2,6.7,5.39
318,Townsville,Queensland,2026,2026-07-01,127.0,7.5,5.56
319,Wide Bay,Queensland,2016,2016-07-01,110.7,10.6,8.75
319,Wide Bay,Queensland,2021,2021-07-01,128.8,8.0,5.83
319,Wide Bay,Queensland,2026,2026-07-01,146.6,8.9,5.75
401,Adelaide - Central and Hills,South Australia,2016,2016-07-01,153.6,8.3,5.13
401,Adelaide - Central and Hills,South Australia,2021,2021-07-01,168.8,7.1,4.05
401,Adelaide - Central and Hills,South Australia,2026,2026-07-01,192.1,6.1,3.06
402,Adelaide - North,South Australia,2016,2016-07-01,194.3,17.5,8.28
402,Adelaide - North,South Australia,2021,2021-07-01,216.2,12.9,5.65
402,Adelaide - North,South Australia,2026,2026-07-01,243.7,14.9,5.74
403,Adelaide - South,South Australia,2016,2016-07-01,175.5,11.6,6.2
403,Adelaide - South,South Australia,2021,2021-07-01,193.7,9.0,4.46
403,Adelaide - South,South Australia,2026,2026-07-01,213.5,8.2,3.71
404,Adelaide - West,South Australia,2016,2016-07-01,113.6,7.3,6.07
404,Adelaide - West,South Australia,2021,2021-07-01,129.6,6.0,4.42
404,Adelaide - West,South Australia,2026,2026-07-01,146.1,5.2,3.47
405,Barossa - Yorke - Mid North,South Australia,2016,2016-07-01,50.3,3.0,5.68
405,Barossa - Yorke - Mid North,South Australia,2021,2021-07-01,52.6,2.6,4.79
405,Barossa - Yorke - Mid North,South Australia,2026,2026-07-01,56.1,2.5,4.33
406,South Australia - Outback,South Australia,2016,2016-07-01,38.7,2.7,6.44
406,South Australia - Outback,South Australia,2021,2021-07-01,38.7,2.4,5.91
406,South Australia - Outback,South Australia,2026,2026-07-01,39.9,2.5,5.99
407,South Australia - South East,South Australia,2016,2016-07-01,86.3,4.5,4.91
407,South Australia - South East,South Australia,2021,2021-07-01,90.6,3.8,4.06
407,South Australia - South East,South Australia,2026,2026-07-01,97.6,3.7,3.62
501,Bunbury,Western Australia,2016,2016-07-01,89.9,5.6,5.87
501,Bunbury,Western Australia,2021,2021-07-01,99.1,4.0,3.92
501,Bunbury,Western Australia,2026,2026-07-01,111.1,3.9,3.39
502,Mandurah,Western Australia,2016,2016-07-01,41.8,3.3,7.24
502,Mandurah,Western Australia,2021,2021-07-01,46.9,2.8,5.54
502,Mandurah,Western Australia,2026,2026-07-01,56.0,3.1,5.22
503,Perth - Inner,Western Australia,2016,2016-07-01,97.9,4.7,4.59
503,Perth - Inner,Western Australia,2021,2021-07-01,106.9,4.1,3.69
503,Perth - Inner,Western Australia,2026,2026-07-01,128.0,3.9,2.97
504,Perth - North East,Western Australia,2016,2016-07-01,132.5,8.6,6.09
504,Perth - North East,Western Australia,2021,2021-07-01,152.4,7.4,4.61
504,Perth - North East,Western Australia,2026,2026-07-01,180.4,7.5,3.98
505,Perth - North West,Western Australia,2016,2016-07-01,292.7,19.2,6.16
505,Perth - North West,Western Australia,2021,2021-07-01,321.4,15.4,4.56
505,Perth - North West,Western Australia,2026,2026-07-01,369.7,15.6,4.04
506,Perth - South East,Western Australia,2016,2016-07-01,258.5,20.0,7.17
506,Perth - South East,Western Australia,2021,2021-07-01,286.1,15.4,5.12
506,Perth - South East,Western Australia,2026,2026-07-01,339.0,17.1,4.8
507,Perth - South West,Western Australia,2016,2016-07-01,210.2,16.8,7.41
507,Perth - South West,Western Australia,2021,2021-07-01,242.6,12.2,4.81
507,Perth - South West,Western Australia,2026,2026-07-01,285.9,13.2,4.4
508,Western Australia - Outback (North and South),Western Australia,2016,2016-07-01,116.0,7.7,6.2
508,Western Australia - Outback (North and South),Western Australia,2021,2021-07-01,112.9,5.5,4.67
508,Western Australia - Outback (North and South),Western Australia,2026,2026-07-01,120.1,6.3,5.02
509,Western Australia - Wheat Belt,Western Australia,2016,2016-07-01,65.9,2.9,4.27
509,Western Australia - Wheat Belt,Western Australia,2021,2021-07-01,70.9,2.3,3.17
509,Western Australia - Wheat Belt,Western Australia,2026,2026-07-01,75.4,2.5,3.23
601,Hobart,Tasmania,2016,2016-07-01,105.0,6.2,5.57
601,Hobart,Tasmania,2021,2021-07-01,128.0,6.2,4.65
601,Hobart,Tasmania,2026,2026-07-01,130.0,8.2,5.97
602,Launceston and North East,Tasmania,2016,2016-07-01,64.8,4.3,6.2
602,Launceston and North East,Tasmania,2021,2021-07-01,75.0,4.0,5.03
602,Launceston and North East,Tasmania,2026,2026-07-01,76.5,4.0,4.92
603,Tasmania - South East,Tasmania,2016,2016-07-01,16.2,1.0,5.57
603,Tasmania - South East,Tasmania,2021,2021-07-01,19.2,1.0,4.78
603,Tasmania - South East,Tasmania,2026,2026-07-01,20.1,1.0,4.84
604,Tasmania - West and North West,Tasmania,2016,2016-07-01,48.7,3.5,6.68
604,Tasmania - West and North West,Tasmania,2021,2021-07-01,54.2,3.1,5.42
604,Tasmania - West and North West,Tasmania,2026,2026-07-01,55.8,3.1,5.34
701,Darwin,Northern Territory,2016,2016-07-01,86.0,2.2,2.5
701,Darwin,Northern Territory,2021,2021-07-01,81.1,4.4,5.15
701,Darwin,Northern Territory,2026,2026-07-01,90.0,3.3,3.54
702,Northern Territory - Outback,Northern Territory,2016,2016-07-01,49.8,2.6,5.02
702,Northern Territory - Outback,Northern Territory,2021,2021-07-01,49.2,4.1,7.78
702,Northern Territory - Outback,Northern Territory,2026,2026-07-01,54.2,3.7,6.33
801,Australian Capital Territory,Australian Capital Territory,2016,2016-07-01,219.8,8.0,3.53
801,Australian Capital Territory,Australian Capital Territory,2021,2021-07-01,245.7,11.3,4.38
801,Australian Capital Territory,Australian Capital Territory,2026,2026-07-01,274.4,10.4,3.64
